source,name_or_title,category,price,rating,author,tags,source_url,scraped_at,description,availability,author_url
Books to Scrape,A Light in the Attic,Poetry,51.77,3,,,https://books.toscrape.com/catalogue/a-light-in-the-attic_1000/index.html,2026-10-06T13:45:29+00:00,,In stock,
Books to Scrape,Tipping the Velvet,Historical Fiction,53.74,1,,,https://books.toscrape.com/catalogue/tipping-the-velvet_999/index.html,2026-10-06T13:45:29+00:00,,In stock,
Books to Scrape,Soumission,Fiction,50.1,1,,,https://books.toscrape.com/catalogue/soumission_998/index.html,2026-10-06T13:45:29+00:00,,In stock,
Books to Scrape,Sharp Objects,Mystery,47.82,4,,,https://books.toscrape.com/catalogue/sharp-objects_997/index.html,2026-10-06T13:45:29+00:00,,In stock,
Books to Scrape,Sapiens: A Brief History of Humankind,History,54.23,5,,,https://books.toscrape.com/catalogue/sapiens-a-brief-history-of-humankind_996/index.html,2026-10-06T13:45:29+00:00,,In stock,
Books to Scrape,The Requiem Red,Young Adult,22.65,1,,,https://books.toscrape.com/catalogue/the-requiem-red_995/index.html,2026-10-06T13:45:29+00:00,,In stock,
Books to Scrape,The Dirty Little Secrets of Getting Your Dream Job,Business,33.34,4,,,https://books.toscrape.com/catalogue/the-dirty-little-secrets-of-getting-your-dream-job_994/index.html,2026-10-06T13:45:29+00:00,,In stock,
Books to Scrape,"The Coming Woman: A Novel Based on the Life of the Infamous Feminist, Victoria Woodhull",Default,17.93,3,,,https://books.toscrape.com/catalogue/the-coming-woman-a-novel-based-on-the-life-of-the-infamous-feminist-victoria-woodhull_993/index.html,2026-10-06T13:45:29+00:00,,In stock,
Books to Scrape,The Boys in the Boat: Nine Americans and Their Epic Quest for Gold at the 1936 Berlin Olympics,Default,22.6,4,,,https://books.toscrape.com/catalogue/the-boys-in-the-boat-nine-americans-and-their-epic-quest-for-gold-at-the-1936-berlin-olympics_992/index.html,2026-10-06T13:45:29+00:00,,In stock,
Books to Scrape,The Black Maria,Poetry,52.15,1,,,https://books.toscrape.com/catalogue/the-black-maria_991/index.html,2026-10-06T13:45:29+00:00,,In stock,
Books to Scrape,"Starving Hearts (Triangular Trade Trilogy, #1)",Default,13.99,2,,,https://books.toscrape.com/catalogue/starving-hearts-triangular-trade-trilogy-1_990/index.html,2026-10-06T13:45:29+00:00,,In stock,
Books to Scrape,Shakespeare's Sonnets,Poetry,20.66,4,,,https://books.toscrape.com/catalogue/shakespeares-sonnets_989/index.html,2026-10-06T13:45:29+00:00,,In stock,
Books to Scrape,Set Me Free,Young Adult,17.46,5,,,https://books.toscrape.com/catalogue/set-me-free_988/index.html,2026-10-06T13:45:29+00:00,,In stock,
Books to Scrape,Scott Pilgrim's Precious Little Life (Scott Pilgrim #1),Sequential Art,52.29,5,,,https://books.toscrape.com/catalogue/scott-pilgrims-precious-little-life-scott-pilgrim-1_987/index.html,2026-10-06T13:45:29+00:00,,In stock,
Books to Scrape,Rip it Up and Start Again,Music,35.02,5,,,https://books.toscrape.com/catalogue/rip-it-up-and-start-again_986/index.html,2026-10-06T13:45:29+00:00,,In stock,
Books to Scrape,"Our Band Could Be Your Life: Scenes from the American Indie Underground, 1981-1991",Music,57.25,3,,,https://books.toscrape.com/catalogue/our-band-could-be-your-life-scenes-from-the-american-indie-underground-1981-1991_985/index.html,2026-10-06T13:45:29+00:00,,In stock,
Books to Scrape,Olio,Poetry,23.88,1,,,https://books.toscrape.com/catalogue/olio_984/index.html,2026-10-06T13:45:29+00:00,,In stock,
Books to Scrape,Mesaerion: The Best Science Fiction Stories 1800-1849,Science Fiction,37.59,1,,,https://books.toscrape.com/catalogue/mesaerion-the-best-science-fiction-stories-1800-1849_983/index.html,2026-10-06T13:45:29+00:00,,In stock,
Books to Scrape,Libertarianism for Beginners,Politics,51.33,2,,,https://books.toscrape.com/catalogue/libertarianism-for-beginners_982/index.html,2026-10-06T13:45:29+00:00,,In stock,
Books to Scrape,It's Only the Himalayas,Travel,45.17,2,,,https://books.toscrape.com/catalogue/its-only-the-himalayas_981/index.html,2026-10-06T13:45:29+00:00,,In stock,
Books to Scrape,In Her Wake,Thriller,12.84,1,,,https://books.toscrape.com/catalogue/in-her-wake_980/index.html,2026-10-06T13:45:29+00:00,,In stock,
Books to Scrape,How Music Works,Music,37.32,2,,,https://books.toscrape.com/catalogue/how-music-works_979/index.html,2026-10-06T13:45:29+00:00,,In stock,
Books to Scrape,"Foolproof Preserving: A Guide to Small Batch Jams, Jellies, Pickles, Condiments, and More: A Foolproof Guide to Making Small Batch Jams, Jellies, Pickles, Condiments, and More",Food and Drink,30.52,3,,,https://books.toscrape.com/catalogue/foolproof-preserving-a-guide-to-small-batch-jams-jellies-pickles-condiments-and-more-a-foolproof-guide-to-making-small-batch-jams-jellies-pickles-condiments-and-more_978/index.html,2026-10-06T13:45:29+00:00,,In stock,
Books to Scrape,Chase Me (Paris Nights #2),Romance,25.27,5,,,https://books.toscrape.com/catalogue/chase-me-paris-nights-2_977/index.html,2026-10-06T13:45:29+00:00,,In stock,
Books to Scrape,Black Dust,Romance,34.53,5,,,https://books.toscrape.com/catalogue/black-dust_976/index.html,2026-10-06T13:45:29+00:00,,In stock,
Books to Scrape,Birdsong: A Story in Pictures,Childrens,54.64,3,,,https://books.toscrape.com/catalogue/birdsong-a-story-in-pictures_975/index.html,2026-10-06T13:45:29+00:00,,In stock,
Books to Scrape,America's Cradle of Quarterbacks: Western Pennsylvania's Football Factory from Johnny Unitas to Joe Montana,Default,22.5,3,,,https://books.toscrape.com/catalogue/americas-cradle-of-quarterbacks-western-pennsylvanias-football-factory-from-johnny-unitas-to-joe-montana_974/index.html,2026-10-06T13:45:29+00:00,,In stock,
Books to Scrape,Aladdin and His Wonderful Lamp,Default,53.13,3,,,https://books.toscrape.com/catalogue/aladdin-and-his-wonderful-lamp_973/index.html,2026-10-06T13:45:29+00:00,,In stock,
Books to Scrape,Worlds Elsewhere: Journeys Around Shakespeare’s Globe,Nonfiction,40.3,5,,,https://books.toscrape.com/catalogue/worlds-elsewhere-journeys-around-shakespeares-globe_972/index.html,2026-10-06T13:45:29+00:00,,In stock,
Books to Scrape,Wall and Piece,Art,44.18,4,,,https://books.toscrape.com/catalogue/wall-and-piece_971/index.html,2026-10-06T13:45:29+00:00,,In stock,
Books to Scrape,The Four Agreements: A Practical Guide to Personal Freedom,Spirituality,17.66,5,,,https://books.toscrape.com/catalogue/the-four-agreements-a-practical-guide-to-personal-freedom_970/index.html,2026-10-06T13:45:29+00:00,,In stock,
Books to Scrape,The Five Love Languages: How to Express Heartfelt Commitment to Your Mate,Nonfiction,31.05,3,,,https://books.toscrape.com/catalogue/the-five-love-languages-how-to-express-heartfelt-commitment-to-your-mate_969/index.html,2026-10-06T13:45:29+00:00,,In stock,
Books to Scrape,The Elephant Tree,Thriller,23.82,5,,,https://books.toscrape.com/catalogue/the-elephant-tree_968/index.html,2026-10-06T13:45:29+00:00,,In stock,
Books to Scrape,The Bear and the Piano,Childrens,36.89,1,,,https://books.toscrape.com/catalogue/the-bear-and-the-piano_967/index.html,2026-10-06T13:45:29+00:00,,In stock,
Books to Scrape,Sophie's World,Philosophy,15.94,5,,,https://books.toscrape.com/catalogue/sophies-world_966/index.html,2026-10-06T13:45:29+00:00,,In stock,
Books to Scrape,Penny Maybe,Default,33.29,3,,,https://books.toscrape.com/catalogue/penny-maybe_965/index.html,2026-10-06T13:45:29+00:00,,In stock,
Books to Scrape,Maude (1883-1993):She Grew Up with the country,Default,18.02,2,,,https://books.toscrape.com/catalogue/maude-1883-1993she-grew-up-with-the-country_964/index.html,2026-10-06T13:45:29+00:00,,In stock,
Books to Scrape,"In a Dark, Dark Wood",Mystery,19.63,1,,,https://books.toscrape.com/catalogue/in-a-dark-dark-wood_963/index.html,2026-10-06T13:45:29+00:00,,In stock,
Books to Scrape,Behind Closed Doors,Thriller,52.22,4,,,https://books.toscrape.com/catalogue/behind-closed-doors_962/index.html,2026-10-06T13:45:29+00:00,,In stock,
Books to Scrape,You can't bury them all: Poems,Poetry,33.63,2,,,https://books.toscrape.com/catalogue/you-cant-bury-them-all-poems_961/index.html,2026-10-06T13:45:29+00:00,,In stock,
Quotes to Scrape,The world as we have created it is a process of our thinking. It cannot be changed without changing our thinking.,,,,Albert Einstein,change;deep-thoughts;thinking;world,https://quotes.toscrape.com/,2026-10-06T13:44:47+00:00,,,https://quotes.toscrape.com/author/Albert-Einstein
Quotes to Scrape,"It is our choices, Harry, that show what we truly are, far more than our abilities.",,,,J.K. Rowling,abilities;choices,https://quotes.toscrape.com/,2026-10-06T13:44:47+00:00,,,https://quotes.toscrape.com/author/J-K-Rowling
Quotes to Scrape,There are only two ways to live your life. One is as though nothing is a miracle. The other is as though everything is a miracle.,,,,Albert Einstein,inspirational;life;live;miracle;miracles,https://quotes.toscrape.com/,2026-10-06T13:44:47+00:00,,,https://quotes.toscrape.com/author/Albert-Einstein
Quotes to Scrape,"The person, be it gentleman or lady, who has not pleasure in a good novel, must be intolerably stupid.",,,,Jane Austen,aliteracy;books;classic;humor,https://quotes.toscrape.com/,2026-10-06T13:44:47+00:00,,,https://quotes.toscrape.com/author/Jane-Austen
Quotes to Scrape,"Imperfection is beauty, madness is genius and it's better to be absolutely ridiculous than absolutely boring.",,,,Marilyn Monroe,be-yourself;inspirational,https://quotes.toscrape.com/,2026-10-06T13:44:47+00:00,,,https://quotes.toscrape.com/author/Marilyn-Monroe
Quotes to Scrape,Try not to become a man of success. Rather become a man of value.,,,,Albert Einstein,adulthood;success;value,https://quotes.toscrape.com/,2026-10-06T13:44:47+00:00,,,https://quotes.toscrape.com/author/Albert-Einstein
Quotes to Scrape,It is better to be hated for what you are than to be loved for what you are not.,,,,André Gide,life;love,https://quotes.toscrape.com/,2026-10-06T13:44:47+00:00,,,https://quotes.toscrape.com/author/Andre-Gide
Quotes to Scrape,"I have not failed. I've just found 10,000 ways that won't work.",,,,Thomas A. Edison,edison;failure;inspirational;paraphrased,https://quotes.toscrape.com/,2026-10-06T13:44:47+00:00,,,https://quotes.toscrape.com/author/Thomas-A-Edison
Quotes to Scrape,A woman is like a tea bag; you never know how strong it is until it's in hot water.,,,,Eleanor Roosevelt,misattributed-eleanor-roosevelt,https://quotes.toscrape.com/,2026-10-06T13:44:47+00:00,,,https://quotes.toscrape.com/author/Eleanor-Roosevelt
Quotes to Scrape,"A day without sunshine is like, you know, night.",,,,Steve Martin,humor;obvious;simile,https://quotes.toscrape.com/,2026-10-06T13:44:47+00:00,,,https://quotes.toscrape.com/author/Steve-Martin
Quotes to Scrape,"This life is what you make it. No matter what, you're going to mess up sometimes, it's a universal truth. But the good part is you get to decide how you're going to mess it up. Girls will be your friends - they'll act like it anyway. But just remember, some come, some go. The ones that stay with you through everything - they're your true best friends. Don't let go of them. Also remember, sisters make the best friends in the world. As for lovers, well, they'll come and go too. And baby, I hate to say it, most of them - actually pretty much all of them are going to break your heart, but you can't give up because if you give up, you'll never find your soulmate. You'll never find that half who makes you whole and that goes for everything. Just because you fail once, doesn't mean you're gonna fail at everything. Keep trying, hold on, and always, always, always believe in yourself, because if you don't, then who will, sweetie? So keep your head high, keep your chin up, and most importantly, keep smiling, because life's a beautiful thing and there's so much to smile about.",,,,Marilyn Monroe,friends;heartbreak;inspirational;life;love;sisters,https://quotes.toscrape.com/page/2/,2026-10-06T13:44:47+00:00,,,https://quotes.toscrape.com/author/Marilyn-Monroe
Quotes to Scrape,"It takes a great deal of bravery to stand up to our enemies, but just as much to stand up to our friends.",,,,J.K. Rowling,courage;friends,https://quotes.toscrape.com/page/2/,2026-10-06T13:44:47+00:00,,,https://quotes.toscrape.com/author/J-K-Rowling
Quotes to Scrape,"If you can't explain it to a six year old, you don't understand it yourself.",,,,Albert Einstein,simplicity;understand,https://quotes.toscrape.com/page/2/,2026-10-06T13:44:47+00:00,,,https://quotes.toscrape.com/author/Albert-Einstein
Quotes to Scrape,"You may not be her first, her last, or her only. She loved before she may love again. But if she loves you now, what else matters? She's not perfect—you aren't either, and the two of you may never be perfect together but if she can make you laugh, cause you to think twice, and admit to being human and making mistakes, hold onto her and give her the most you can. She may not be thinking about you every second of the day, but she will give you a part of her that she knows you can break—her heart. So don't hurt her, don't change her, don't analyze and don't expect more than she can give. Smile when she makes you happy, let her know when she makes you mad, and miss her when she's not there.",,,,Bob Marley,love,https://quotes.toscrape.com/page/2/,2026-10-06T13:44:47+00:00,,,https://quotes.toscrape.com/author/Bob-Marley
Quotes to Scrape,"I like nonsense, it wakes up the brain cells. Fantasy is a necessary ingredient in living.",,,,Dr. Seuss,fantasy,https://quotes.toscrape.com/page/2/,2026-10-06T13:44:47+00:00,,,https://quotes.toscrape.com/author/Dr-Seuss
Quotes to Scrape,"I may not have gone where I intended to go, but I think I have ended up where I needed to be.",,,,Douglas Adams,life;navigation,https://quotes.toscrape.com/page/2/,2026-10-06T13:44:47+00:00,,,https://quotes.toscrape.com/author/Douglas-Adams
Quotes to Scrape,"The opposite of love is not hate, it's indifference. The opposite of art is not ugliness, it's indifference. The opposite of faith is not heresy, it's indifference. And the opposite of life is not death, it's indifference.",,,,Elie Wiesel,activism;apathy;hate;indifference;inspirational;love;opposite;philosophy,https://quotes.toscrape.com/page/2/,2026-10-06T13:44:47+00:00,,,https://quotes.toscrape.com/author/Elie-Wiesel
Quotes to Scrape,"It is not a lack of love, but a lack of friendship that makes unhappy marriages.",,,,Friedrich Nietzsche,friendship;lack-of-friendship;lack-of-love;love;marriage;unhappy-marriage,https://quotes.toscrape.com/page/2/,2026-10-06T13:44:47+00:00,,,https://quotes.toscrape.com/author/Friedrich-Nietzsche
Quotes to Scrape,"Good friends, good books, and a sleepy conscience: this is the ideal life.",,,,Mark Twain,books;contentment;friends;friendship;life,https://quotes.toscrape.com/page/2/,2026-10-06T13:44:47+00:00,,,https://quotes.toscrape.com/author/Mark-Twain
Quotes to Scrape,Life is what happens to us while we are making other plans.,,,,Allen Saunders,fate;life;misattributed-john-lennon;planning;plans,https://quotes.toscrape.com/page/2/,2026-10-06T13:44:47+00:00,,,https://quotes.toscrape.com/author/Allen-Saunders
